Filename,subj,month,subreg_tot_ms,makeup_tot_ms,extra_tot_ms,sil_tot_ms,skip_tot_ms,num_subreg_annots,num_extra_subreg,num_makeup_subreg,total_listen_ms,total_listen_hr
26_07_sparse_code.cha,26,7,0,0,0,34481370,0,0,0,0,23118620,6.421838889
06_07_sparse_code.cha,6,7,0,0,0,32997320,0,0,0,0,24602670,6.834075
16_08_sparse_code.cha,16,8,7200000,294960,0,0,221350,2,0,1,7273610,2.020447222
39_13_sparse_code.cha,39,13,10799000,0,0,0,460590,3,0,0,10338410,2.871780556
34_10_sparse_code.cha,34,10,10800000,0,0,268230,0,3,0,0,10531770,2.925491667
34_13_sparse_code.cha,34,13,10800000,0,0,0,0,3,0,0,10800000,3
38_09_sparse_code.cha,38,9,10800000,0,0,0,0,3,0,0,10800000,3
25_10_sparse_code.cha,25,10,10800000,1250,0,0,0,3,0,1,10801250,3.000347222
01_14_sparse_code.cha,1,14,10799999,0,0,0,0,3,0,0,10799999,2.999999722
01_15_sparse_code.cha,1,15,10800000,0,0,0,0,3,0,0,10800000,3
01_16_sparse_code.cha,1,16,10800000,0,0,0,0,3,0,0,10800000,3
01_17_sparse_code.cha,1,17,10800000,0,0,0,0,3,0,0,10800000,3
07_06_sparse_code.cha,7,6,0,0,0,30153740,0,0,0,0,27446250,7.623958333
28_06_sparse_code.cha,28,6,0,0,0,15766460,0,0,0,0,27753220,7.709227778
21_11_sparse_code.cha,21,11,10800000,3528900,0,0,3355480,3,0,1,10973420,3.048172222
25_08_sparse_code.cha,25,8,10800000,941820,0,0,0,3,0,1,11741820,3.261616667
34_09_sparse_code.cha,34,9,10800000,0,1500460,237410,0,3,1,0,12063050,3.350847222
42_12_sparse_code.cha,42,12,14400000,3143510,0,3135790,3132030,4,0,1,11275690,3.132136111
35_08_sparse_code.cha,35,8,14400000,1911090,0,1903330,2834850,4,0,1,11572910,3.214697222
36_10_sparse_code.cha,36,10,14400000,0,0,2332010,0,4,0,0,12067990,3.352219444
02_14_sparse_code.cha,2,14,10800000,0,0,0,0,3,0,0,10800000,3
02_15_sparse_code.cha,2,15,10800000,0,0,144570,0,3,0,0,10655430,2.959841667
02_16_sparse_code.cha,2,16,10800000,0,0,0,0,3,0,0,10800000,3
02_17_sparse_code.cha,2,17,10800000,0,0,0,0,3,0,0,10800000,3
25_07_sparse_code.cha,25,7,0,0,0,13564260,0,0,0,0,27826670,7.729630556
26_06_sparse_code.cha,26,6,0,0,0,29536290,0,0,0,0,28063700,7.795472222
40_11_sparse_code.cha,40,11,14399990,35860,1174360,3123950,0,4,4,1,12486260,3.468405556
38_12_sparse_code.cha,38,12,14400000,1084690,0,1374180,1374180,4,0,1,12736330,3.537869444
03_08_sparse_code.cha,3,8,14400000,1156020,143560,325820,2606210,4,1,1,12767550,3.546541667
17_11_sparse_code.cha,17,11,14400000,0,0,305430,1323330,4,0,0,12771240,3.547566667
43_09_sparse_code.cha,43,9,14399999,0,0,81530,1524000,4,0,0,12794469,3.554019167
41_09_sparse_code.cha,41,9,14400000,1260700,0,1456130,1260580,4,0,1,12943990,3.595552778
03_14_sparse_code.cha,3,14,10799990,958570,0,957360,0,3,0,1,10801200,3.000333333
03_15_sparse_code.cha,3,15,10800000,0,0,0,0,3,0,0,10800000,3
03_16_sparse_code.cha,3,16,10800000,0,0,27700,0,3,0,0,10772300,2.992305556
03_17_sparse_code.cha,3,17,10800000,0,0,0,0,3,0,0,10800000,3
13_07_sparse_code.cha,13,7,0,0,0,14992160,0,0,0,0,28248890,7.846913889
45_07_sparse_code.cha,45,7,0,0,0,9698670,1624980,0,0,0,28402260,7.889516667
08_12_sparse_code.cha,8,12,14400000,600140,0,0,1908870,4,0,1,13091270,3.636463889
33_11_sparse_code.cha,33,11,14400000,0,0,296200,1006850,4,0,0,13096950,3.638041667
30_11_sparse_code.cha,30,11,14400000,355920,499820,1459080,695980,4,1,1,13100680,3.639077778
23_11_sparse_code.cha,23,11,14400000,0,0,279470,905690,4,0,0,13214840,3.670788889
09_13_sparse_code.cha,9,13,14400000,943270,0,1306070,774320,4,0,1,13262880,3.684133333
21_09_sparse_code.cha,21,9,14399999,712620,0,1786700,0,4,0,1,13325919,3.701644167
04_14_sparse_code.cha,4,14,10800000,2860,0,0,0,3,0,1,10802860,3.000794444
04_15_sparse_code.cha,4,15,10800000,0,0,0,0,3,0,0,10800000,3
04_16_sparse_code.cha,4,16,10800000,0,0,0,0,3,0,0,10800000,3
04_17_sparse_code.cha,4,17,10800000,0,0,0,0,3,0,0,10800000,3
44_07_sparse_code.cha,44,7,0,0,0,10744180,0,0,0,0,28980500,8.050138889
37_06_sparse_code.cha,37,6,0,0,0,28026040,1343790,0,0,0,29573950,8.214986111
06_09_sparse_code.cha,6,9,14400000,1060790,0,14480,2081440,4,0,1,13364870,3.712463889
25_09_sparse_code.cha,25,9,14399999,1018470,0,991860,1012080,4,0,1,13414529,3.726258056
28_08_sparse_code.cha,28,8,14400000,0,0,928960,0,4,0,0,13471040,3.741955556
35_09_sparse_code.cha,35,9,14400000,899860,0,916580,883220,4,0,1,13500060,3.750016667
10_08_sparse_code.cha,10,8,14400000,0,0,414220,402390,4,0,0,13583390,3.773163889
15_10_sparse_code.cha,15,10,14399999,1672010,0,0,2469200,4,0,2,13602809,3.778558056
06_14_sparse_code.cha,6,14,10800000,0,0,0,0,3,0,0,10800000,3
06_15_sparse_code.cha,6,15,10800000,0,0,663270,0,3,0,0,10136730,2.815758333
06_16_sparse_code.cha,6,16,10800000,0,0,0,0,3,0,0,10800000,3
06_17_sparse_code.cha,6,17,10800000,0,0,0,0,3,0,0,10800000,3
44_06_sparse_code.cha,44,6,0,0,0,27938260,3016900,0,0,0,29661730,8.239369444
35_06_sparse_code.cha,35,6,0,0,0,12405440,1445560,0,0,0,30020860,8.339127778
39_11_sparse_code.cha,39,11,14400000,0,0,616470,69730,4,0,0,13713800,3.809388889
36_08_sparse_code.cha,36,8,14400000,0,0,669500,0,4,0,0,13730500,3.814027778
27_12_sparse_code.cha,27,12,14400000,734170,0,687530,687530,4,0,1,13759110,3.821975
07_13_sparse_code.cha,7,13,14400000,1022680,242760,0,1893880,4,1,1,13771560,3.825433333
27_10_sparse_code.cha,27,10,14400000,777110,0,694350,694350,4,0,1,13788410,3.830113889
26_11_sparse_code.cha,26,11,14400000,792630,0,1395530,0,4,0,1,13797100,3.832527778
07_14_sparse_code.cha,7,14,10800000,0,0,0,0,3,0,0,10800000,3
07_15_sparse_code.cha,7,15,7200000,3080130,0,0,1896690,2,0,1,8383440,2.328733333
07_16_sparse_code.cha,7,16,10799990,840490,0,822490,821390,3,0,1,9996600,2.776833333
07_17_sparse_code.cha,7,17,10800000,0,0,0,0,3,0,0,10800000,3
19_06_sparse_code.cha,19,6,0,0,0,12773470,25561050,0,0,0,30113710,8.364919444
04_06_sparse_code.cha,4,6,0,0,0,12555400,4152680,0,0,0,30136030,8.371119444
39_08_sparse_code.cha,39,8,14400000,925030,0,1524620,0,4,0,1,13800410,3.833447222
37_09_sparse_code.cha,37,9,14400000,0,0,583000,0,4,0,0,13817000,3.838055556
22_11_sparse_code.cha,22,11,14400000,1095830,0,330880,1310220,4,0,1,13854730,3.848536111
26_09_sparse_code.cha,26,9,14400000,0,0,521730,0,4,0,0,13878270,3.855075
17_10_sparse_code.cha,17,10,14400000,1681570,0,253940,1939260,4,0,1,13888370,3.857880556
40_12_sparse_code.cha,40,12,14400000,0,0,0,511110,4,0,0,13888890,3.858025
08_14_sparse_code.cha,8,14,10800000,0,0,0,0,3,0,0,10800000,3
08_15_sparse_code.cha,8,15,10800000,0,0,0,0,3,0,0,10800000,3
08_16_sparse_code.cha,8,16,10800000,0,0,0,0,3,0,0,10800000,3
08_17_sparse_code.cha,8,17,10800000,0,0,72790,72700,3,0,0,10654510,2.959586111
16_07_sparse_code.cha,16,7,0,0,0,27423490,0,0,0,0,30176500,8.382361111
31_06_sparse_code.cha,31,6,0,0,0,27029690,3485200,0,0,0,30570300,8.49175
46_08_sparse_code.cha,46,8,14400000,2297030,0,513190,2294820,4,0,1,13889020,3.858061111
03_13_sparse_code.cha,3,13,14400000,289790,0,0,799980,4,0,1,13889810,3.858280556
42_10_sparse_code.cha,42,10,14400000,0,0,171380,336640,4,0,0,13891980,3.858883333
45_12_sparse_code.cha,45,12,14400000,900350,0,0,1404200,4,0,1,13896150,3.860041667
33_08_sparse_code.cha,33,8,14400000,0,0,0,497040,4,0,0,13902960,3.861933333
46_10_sparse_code.cha,46,10,14400000,780860,0,0,1266240,4,0,1,13914620,3.865172222
09_14_sparse_code.cha,9,14,10800000,0,0,0,0,3,0,0,10800000,3
09_15_sparse_code.cha,9,15,10800000,2359750,0,203050,2365190,3,0,1,10591510,2.942086111
09_16_sparse_code.cha,9,16,10800000,1889850,0,0,1925050,3,0,1,10764800,2.990222222
09_17_sparse_code.cha,9,17,10800000,1614230,0,422870,422870,3,0,1,11568490,3.213469444
22_07_sparse_code.cha,22,7,0,0,0,21076010,0,0,0,0,30663670,8.517686111
13_06_sparse_code.cha,13,6,0,0,0,10626990,13885760,0,0,0,30883940,8.578872222
16_10_sparse_code.cha,16,10,14400000,1546730,0,465600,1545320,4,0,1,13935810,3.871058333
13_11_sparse_code.cha,13,11,14400000,371790,0,138070,682900,4,0,1,13950820,3.875227778
18_08_sparse_code.cha,18,8,14399200,1292500,0,0,1737580,4,0,1,13954120,3.876144444
22_12_sparse_code.cha,22,12,14400000,1620080,0,452950,1590970,4,0,1,13976160,3.882266667
32_13_sparse_code.cha,32,13,14399000,2928930,0,915830,2431150,4,0,1,13980950,3.883597222
10_12_sparse_code.cha,10,12,14400000,0,0,412880,0,4,0,0,13987120,3.885311111
10_14_sparse_code.cha,10,14,10800000,0,0,0,0,3,0,0,10800000,3
10_15_sparse_code.cha,10,15,10800000,0,0,0,0,3,0,0,10800000,3
10_16_sparse_code.cha,10,16,10800000,0,0,63660,0,3,0,0,10736340,2.982316667
10_17_sparse_code.cha,10,17,10800000,803920,0,0,1079720,3,0,1,10524200,2.923388889
17_06_sparse_code.cha,17,6,0,0,0,26336680,11222620,0,0,0,31263310,8.684252778
16_06_sparse_code.cha,16,6,0,0,0,26305690,0,0,0,0,31294300,8.692861111
33_09_sparse_code.cha,33,9,14400000,0,0,399200,0,4,0,0,14000800,3.889111111
07_11_sparse_code.cha,7,11,14400000,686720,0,391110,688210,4,0,1,14007400,3.890944444
28_12_sparse_code.cha,28,12,14400000,0,0,391380,0,4,0,0,14008620,3.891283333
27_13_sparse_code.cha,27,13,14400000,0,0,389690,0,4,0,0,14010310,3.891752778
37_13_sparse_code.cha,37,13,14400000,0,0,191040,191040,4,0,0,14017920,3.893866667
17_13_sparse_code.cha,17,13,14400000,0,0,375120,0,4,0,0,14024880,3.8958
11_14_sparse_code.cha,11,14,10800000,0,0,0,0,3,0,0,10800000,3
11_15_sparse_code.cha,11,15,10800000,0,0,26180,0,3,0,0,10773820,2.992727778
11_16_sparse_code.cha,11,16,10800000,0,0,299530,0,3,0,0,10500470,2.916797222
11_17_sparse_code.cha,11,17,10800000,1529000,0,1530130,0,3,0,1,10798870,2.999686111
36_07_sparse_code.cha,36,7,0,0,0,15703400,426400,0,0,0,31342150,8.706152778
36_06_sparse_code.cha,36,6,0,0,0,8882420,462370,0,0,0,31459190,8.738663889
34_11_sparse_code.cha,34,11,14400000,0,0,366960,0,4,0,0,14033040,3.898066667
44_11_sparse_code.cha,44,11,14400000,0,0,363970,0,4,0,0,14036030,3.898897222
33_13_sparse_code.cha,33,13,14400000,0,0,354540,0,4,0,0,14045460,3.901516667
41_08_sparse_code.cha,41,8,14400000,899130,0,176220,1063370,4,0,1,14059540,3.905427778
14_11_sparse_code.cha,14,11,14400000,0,0,0,336210,4,0,0,14063790,3.906608333
44_08_sparse_code.cha,44,8,14400000,0,0,331450,0,4,0,0,14068550,3.907930556
12_14_sparse_code.cha,12,14,10800000,0,0,0,0,3,0,0,10800000,3
12_15_sparse_code.cha,12,15,10800000,0,0,0,0,3,0,0,10800000,3
12_16_sparse_code.cha,12,16,10800000,0,0,0,0,3,0,0,10800000,3
12_17_sparse_code.cha,12,17,10800000,2950,0,0,0,3,0,1,10802950,3.000819444
02_06_sparse_code.cha,2,6,0,0,0,26020290,2709540,0,0,0,31579700,8.772138889
09_06_sparse_code.cha,9,6,0,0,0,25707100,0,0,0,0,31892890,8.859136111
45_08_sparse_code.cha,45,8,14400000,2700380,0,1279780,1723990,4,0,1,14096610,3.915725
43_13_sparse_code.cha,43,13,14400000,1074330,0,0,1374960,4,0,1,14099370,3.916491667
37_12_sparse_code.cha,37,12,14400000,0,0,285060,0,4,0,0,14114940,3.920816667
35_13_sparse_code.cha,35,13,14399000,0,0,267810,0,4,0,0,14131190,3.925330556
20_09_sparse_code.cha,20,9,14400000,717520,0,257170,719580,4,0,1,14140770,3.927991667
29_09_sparse_code.cha,29,9,14400000,0,0,0,258780,4,0,0,14141220,3.928116667
13_14_sparse_code.cha,13,14,10800000,0,0,0,0,3,0,0,10800000,3
13_15_sparse_code.cha,13,15,10800000,0,0,0,0,3,0,0,10800000,3
13_16_sparse_code.cha,13,16,10800000,832730,0,860960,0,3,0,1,10771770,2.992158333
13_17_sparse_code.cha,13,17,10799000,600520,0,0,598460,3,0,1,10801060,3.000294444
18_06_sparse_code.cha,18,6,0,0,0,19582580,0,0,0,0,32015160,8.8931
03_06_sparse_code.cha,3,6,0,0,0,25518140,28740890,0,0,0,32081850,8.911625
36_09_sparse_code.cha,36,9,14400000,0,0,258360,0,4,0,0,14141640,3.928233333
12_13_sparse_code.cha,12,13,14400000,0,0,255650,0,4,0,0,14144350,3.928986111
08_13_sparse_code.cha,8,13,14400000,1808150,0,0,2051450,4,0,1,14156700,3.932416667
45_11_sparse_code.cha,45,11,14400000,0,0,229650,0,4,0,0,14170350,3.936208333
16_09_sparse_code.cha,16,9,14400000,0,0,226560,0,4,0,0,14173440,3.937066667
14_10_sparse_code.cha,14,10,14400000,0,0,0,221320,4,0,0,14178680,3.938522222
14_14_sparse_code.cha,14,14,10800000,3097140,0,0,0,3,0,1,13897140,3.860316667
14_15_sparse_code.cha,14,15,10800000,0,0,98990,0,3,0,0,10701010,2.972502778
14_16_sparse_code.cha,14,16,10800000,0,0,0,0,3,0,0,10800000,3
14_17_sparse_code.cha,14,17,10800000,0,0,0,0,3,0,0,10800000,3
02_07_sparse_code.cha,2,7,0,0,0,25298570,0,0,0,0,32301420,8.972616667
45_06_sparse_code.cha,45,6,0,0,0,13380400,1187830,0,0,0,32415590,9.004330556
33_10_sparse_code.cha,33,10,14400000,0,0,217820,0,4,0,0,14182180,3.939494444
37_11_sparse_code.cha,37,11,14400000,0,0,198500,0,4,0,0,14201500,3.944861111
45_09_sparse_code.cha,45,9,14400000,1410960,0,198430,1410480,4,0,1,14202050,3.945013889
21_08_sparse_code.cha,21,8,14400000,0,0,0,191140,4,0,0,14208860,3.946905556
16_13_sparse_code.cha,16,13,14400000,0,0,181970,0,4,0,0,14218030,3.949452778
31_13_sparse_code.cha,31,13,14400000,0,0,178280,0,4,0,0,14221720,3.950477778
15_14_sparse_code.cha,15,14,10800000,2036130,0,2010590,0,3,0,1,10825540,3.007094444
15_15_sparse_code.cha,15,15,10800000,0,0,0,0,3,0,0,10800000,3
15_16_sparse_code.cha,15,16,10800000,0,0,0,0,3,0,0,10800000,3
15_17_sparse_code.cha,15,17,10800000,0,0,315990,0,3,0,0,10484010,2.912225
03_07_sparse_code.cha,3,7,0,0,0,25151650,28534480,0,0,0,32448340,9.013427778
28_07_sparse_code.cha,28,7,0,0,0,10987710,0,0,0,0,32925840,9.146066667
32_08_sparse_code.cha,32,8,14400000,0,0,158080,0,4,0,0,14241920,3.956088889
17_12_sparse_code.cha,17,12,14400000,0,0,157540,0,4,0,0,14242460,3.956238889
32_10_sparse_code.cha,32,10,14400000,0,0,156430,0,4,0,0,14243570,3.956547222
32_11_sparse_code.cha,32,11,14400000,841110,0,985780,0,4,0,1,14255330,3.959813889
06_13_sparse_code.cha,6,13,14400000,0,0,131300,0,4,0,0,14268700,3.963527778
01_13_sparse_code.cha,1,13,14400000,0,0,0,126870,4,0,0,14273130,3.964758333
16_14_sparse_code.cha,16,14,10800000,0,0,115540,0,3,0,0,10684460,2.967905556
16_15_sparse_code.cha,16,15,10800000,0,0,0,0,3,0,0,10800000,3
16_16_sparse_code.cha,16,16,10800000,0,0,0,0,3,0,0,10800000,3
16_17_sparse_code.cha,16,17,10800000,0,0,0,0,3,0,0,10800000,3
17_07_sparse_code.cha,17,7,0,0,0,24298110,0,0,0,0,33301880,9.250522222
21_07_sparse_code.cha,21,7,0,0,0,8307540,6493660,0,0,0,33312260,9.253405556
36_12_sparse_code.cha,36,12,14400000,0,0,60980,60980,4,0,0,14278040,3.966122222
28_10_sparse_code.cha,28,10,14400000,1196910,0,159270,1143370,4,0,1,14294270,3.970630556
39_09_sparse_code.cha,39,9,14400000,644870,0,90150,643620,4,0,1,14311100,3.975305556
38_08_sparse_code.cha,38,8,14400000,0,0,43090,43090,4,0,0,14313820,3.976061111
38_11_sparse_code.cha,38,11,14400000,0,0,82050,0,4,0,0,14317950,3.977208333
15_12_sparse_code.cha,15,12,14400000,1834530,0,1882660,0,4,0,1,14351870,3.986630556
17_14_sparse_code.cha,17,14,10800000,0,0,0,0,3,0,0,10800000,3
17_15_sparse_code.cha,17,15,10800000,0,0,0,0,3,0,0,10800000,3
17_16_sparse_code.cha,17,16,10800000,0,0,0,0,3,0,0,10800000,3
17_17_sparse_code.cha,17,17,10800000,0,0,0,0,3,0,0,10800000,3
06_06_sparse_code.cha,6,6,0,0,0,7168930,0,0,0,0,33729560,9.369322222
14_07_sparse_code.cha,14,7,0,0,0,23814830,56507880,0,0,0,33785160,9.384766667
14_09_sparse_code.cha,14,9,14400000,0,0,46210,0,4,0,0,14353790,3.987163889
36_11_sparse_code.cha,36,11,14400000,0,0,43305,0,4,0,0,14356695,3.987970833
11_13_sparse_code.cha,11,13,14400000,601200,0,0,642160,4,0,1,14359040,3.988622222
39_12_sparse_code.cha,39,12,14399000,0,0,27970,0,4,0,0,14371030,3.991952778
37_10_sparse_code.cha,37,10,14400000,0,0,27200,0,4,0,0,14372800,3.992444444
30_10_sparse_code.cha,30,10,14400000,0,0,24790,0,4,0,0,14375210,3.993113889
18_14_sparse_code.cha,18,14,10800000,0,0,0,0,3,0,0,10800000,3
18_15_sparse_code.cha,18,15,10800000,1814380,0,0,0,3,0,1,12614380,3.503994444
18_16_sparse_code.cha,18,16,10800000,0,0,0,0,3,0,0,10800000,3
18_17_sparse_code.cha,18,17,10799000,0,0,0,0,3,0,0,10799000,2.999722222
46_07_sparse_code.cha,46,7,0,0,0,4556210,2831140,0,0,0,33994030,9.442786111
35_07_sparse_code.cha,35,7,0,0,0,8415710,1521250,0,0,0,34012900,9.448027778
30_09_sparse_code.cha,30,9,14399999,2285070,0,1652470,656180,4,0,1,14376419,3.993449722
06_11_sparse_code.cha,6,11,14400000,422340,0,0,445680,4,0,1,14376660,3.993516667
15_11_sparse_code.cha,15,11,14400000,0,0,18460,0,4,0,0,14381540,3.994872222
14_13_sparse_code.cha,14,13,14400000,0,0,8900,8900,4,0,0,14382200,3.995055556
12_09_sparse_code.cha,12,9,14400000,0,711450,203990,522610,4,1,0,14384850,3.995791667
16_11_sparse_code.cha,16,11,14400000,0,0,14182,0,4,0,0,14385818,3.996060556
19_14_sparse_code.cha,19,14,10800000,0,0,0,0,3,0,0,10800000,3
19_15_sparse_code.cha,19,15,10800000,0,0,0,0,3,0,0,10800000,3
19_16_sparse_code.cha,19,16,10800000,0,0,0,0,3,0,0,10800000,3
19_17_sparse_code.cha,19,17,10800000,0,0,0,0,3,0,0,10800000,3
18_07_sparse_code.cha,18,7,0,0,0,11331530,0,0,0,0,34399150,9.555319444
31_07_sparse_code.cha,31,7,0,0,0,22957440,2172560,0,0,0,34642550,9.622930556
09_12_sparse_code.cha,9,12,14400000,1512630,3599970,2488920,2633540,4,2,1,14390140,3.997261111
03_12_sparse_code.cha,3,12,14400000,2958040,0,0,2966540,4,0,1,14391500,3.997638889
11_08_sparse_code.cha,11,8,14400000,961560,0,969740,0,4,0,1,14391820,3.997727778
18_09_sparse_code.cha,18,9,14400000,1287090,0,0,1293630,4,0,1,14393460,3.998183333
21_10_sparse_code.cha,21,10,14400000,1620460,0,0,1626560,4,0,1,14393900,3.998305556
18_12_sparse_code.cha,18,12,14400000,0,0,5270,0,4,0,0,14394730,3.998536111
20_14_sparse_code.cha,20,14,10800000,0,0,0,0,3,0,0,10800000,3
20_15_sparse_code.cha,20,15,10799000,0,0,0,0,3,0,0,10799000,2.999722222
20_16_sparse_code.cha,20,16,10800000,0,0,0,0,3,0,0,10800000,3
20_17_sparse_code.cha,20,17,10800000,0,0,0,0,3,0,0,10800000,3
11_07_sparse_code.cha,11,7,0,0,0,10095750,0,0,0,0,34809860,9.669405556
01_07_sparse_code.cha,1,7,0,0,0,22274360,737060,0,0,0,35325630,9.812675
27_09_sparse_code.cha,27,9,14400000,991410,0,996500,0,4,0,1,14394910,3.998586111
11_10_sparse_code.cha,11,10,14400000,1732760,0,0,1735150,4,0,1,14397610,3.999336111
45_13_sparse_code.cha,45,13,14399000,0,0,0,0,4,0,0,14399000,3.999722222
07_10_sparse_code.cha,7,10,14399200,0,0,0,0,4,0,0,14399200,3.999777778
11_12_sparse_code.cha,11,12,14400000,1685070,0,1685560,0,4,0,1,14399510,3.999863889
13_08_sparse_code.cha,13,8,14400000,0,0,360,0,4,0,0,14399640,3.9999
21_14_sparse_code.cha,21,14,10800000,645140,0,0,648910,3,0,1,10796230,2.998952778
21_15_sparse_code.cha,21,15,10800000,0,0,0,0,3,0,0,10800000,3
21_16_sparse_code.cha,21,16,10800000,0,0,0,0,3,0,0,10800000,3
21_17_sparse_code.cha,21,17,10800000,0,0,0,0,3,0,0,10800000,3
19_07_sparse_code.cha,19,7,0,0,0,3703520,8311410,0,0,0,35661660,9.906016667
23_06_sparse_code.cha,23,6,0,0,0,21760120,0,0,0,0,35839870,9.955519444
14_08_sparse_code.cha,14,8,14400000,322590,0,0,322650,4,0,1,14399940,3.999983333
14_12_sparse_code.cha,14,12,14399990,0,0,0,0,4,0,0,14399990,3.999997222
29_12_sparse_code.cha,29,12,14399990,0,0,0,0,4,0,0,14399990,3.999997222
35_10_sparse_code.cha,35,10,14399990,0,0,0,0,4,0,0,14399990,3.999997222
37_08_sparse_code.cha,37,8,14399990,0,0,0,0,4,0,0,14399990,3.999997222
22_14_sparse_code.cha,22,14,10800000,0,0,0,0,3,0,0,10800000,3
22_15_sparse_code.cha,22,15,10800000,2108600,0,2109210,0,3,0,1,10799390,2.999830556
22_16_sparse_code.cha,22,16,10800000,0,0,0,0,3,0,0,10800000,3
22_17_sparse_code.cha,22,17,10800000,0,0,0,0,3,0,0,10800000,3
27_06_sparse_code.cha,27,6,0,0,0,21546110,12758910,0,0,0,36053880,10.01496667
37_07_sparse_code.cha,37,7,0,0,0,21479490,26416640,0,0,0,36120500,10.03347222
04_12_sparse_code.cha,4,12,14399999,0,0,0,0,4,0,0,14399999,3.999999722
13_12_sparse_code.cha,13,12,14399999,0,0,0,0,4,0,0,14399999,3.999999722
20_11_sparse_code.cha,20,11,14399999,0,0,0,0,4,0,0,14399999,3.999999722
30_08_sparse_code.cha,30,8,14399999,0,0,0,0,4,0,0,14399999,3.999999722
32_09_sparse_code.cha,32,9,14399999,0,0,0,0,4,0,0,14399999,3.999999722
01_11_sparse_code.cha,1,11,14400000,0,0,0,0,4,0,0,14400000,4
23_14_sparse_code.cha,23,14,10800000,0,0,0,0,3,0,0,10800000,3
23_15_sparse_code.cha,23,15,10799000,0,0,0,0,3,0,0,10799000,2.999722222
23_16_sparse_code.cha,23,16,10800000,0,0,0,0,3,0,0,10800000,3
23_17_sparse_code.cha,23,17,10800000,777270,12680,780650,778130,3,1,1,10031170,2.786436111
43_06_sparse_code.cha,43,6,0,0,0,1939940,10335560,0,0,0,36461550,10.12820833
01_06_sparse_code.cha,1,6,0,0,0,21101110,35811840,0,0,0,36498880,10.13857778
01_12_sparse_code.cha,1,12,14400000,0,0,0,0,4,0,0,14400000,4
04_11_sparse_code.cha,4,11,14400000,0,0,0,0,4,0,0,14400000,4
09_09_sparse_code.cha,9,9,14400000,0,0,0,0,4,0,0,14400000,4
10_13_sparse_code.cha,10,13,14400000,0,0,0,0,4,0,0,14400000,4
12_08_sparse_code.cha,12,8,14400000,0,0,0,0,4,0,0,14400000,4
12_11_sparse_code.cha,12,11,14400000,0,0,0,0,4,0,0,14400000,4
25_14_sparse_code.cha,25,14,10800000,0,0,0,0,3,0,0,10800000,3
25_15_sparse_code.cha,25,15,10800000,0,0,205970,0,3,0,0,10594030,2.942786111
25_16_sparse_code.cha,25,16,10800000,0,0,0,0,3,0,0,10800000,3
25_17_sparse_code.cha,25,17,10800000,0,0,0,0,3,0,0,10800000,3
04_07_sparse_code.cha,4,7,0,0,0,8058490,2206240,0,0,0,36666620,10.18517222
09_07_sparse_code.cha,9,7,0,0,0,20710100,0,0,0,0,36889890,10.24719167
12_12_sparse_code.cha,12,12,14400000,0,0,0,0,4,0,0,14400000,4
13_13_sparse_code.cha,13,13,14400000,0,0,0,0,4,0,0,14400000,4
15_13_sparse_code.cha,15,13,14400000,0,0,0,0,4,0,0,14400000,4
17_09_sparse_code.cha,17,9,14400000,0,0,0,0,4,0,0,14400000,4
18_10_sparse_code.cha,18,10,14400000,0,0,0,0,4,0,0,14400000,4
18_11_sparse_code.cha,18,11,14400000,0,0,0,0,4,0,0,14400000,4
26_14_sparse_code.cha,26,14,10800000,0,0,1089420,0,3,0,0,9710580,2.697383333
26_15_sparse_code.cha,26,15,10800000,1314930,0,1509930,0,3,0,1,10605000,2.945833333
26_16_sparse_code.cha,26,16,10800000,0,0,0,0,3,0,0,10800000,3
26_17_sparse_code.cha,26,17,10800000,0,0,0,0,3,0,0,10800000,3
20_07_sparse_code.cha,20,7,0,0,0,20572240,0,0,0,0,37027750,10.28548611
38_07_sparse_code.cha,38,7,0,0,0,9268060,977770,0,0,0,37222930,10.33970278
18_13_sparse_code.cha,18,13,14400000,0,0,0,0,4,0,0,14400000,4
19_08_sparse_code.cha,19,8,14400000,0,0,0,0,4,0,0,14400000,4
19_09_sparse_code.cha,19,9,14400000,0,0,0,0,4,0,0,14400000,4
19_10_sparse_code.cha,19,10,14400000,0,0,0,0,4,0,0,14400000,4
19_11_sparse_code.cha,19,11,14400000,0,0,0,0,4,0,0,14400000,4
19_12_sparse_code.cha,19,12,14400000,0,0,0,0,4,0,0,14400000,4
27_14_sparse_code.cha,27,14,10800000,0,0,480920,0,3,0,0,10319080,2.866411111
27_15_sparse_code.cha,27,15,10800000,0,0,129620,0,3,0,0,10670380,2.963994444
27_16_sparse_code.cha,27,16,10800000,602930,0,845550,599700,3,0,1,9957680,2.766022222
27_17_sparse_code.cha,27,17,10800000,0,0,0,0,3,0,0,10800000,3
39_06_sparse_code.cha,39,6,0,0,0,3135950,2448870,0,0,0,37265540,10.35153889
46_06_sparse_code.cha,46,6,0,0,0,2705280,6011070,0,0,0,37586210,10.44061389
19_13_sparse_code.cha,19,13,14400000,0,0,0,0,4,0,0,14400000,4
20_08_sparse_code.cha,20,8,14400000,0,0,0,0,4,0,0,14400000,4
20_12_sparse_code.cha,20,12,14400000,0,0,0,0,4,0,0,14400000,4
20_13_sparse_code.cha,20,13,14400000,0,0,0,0,4,0,0,14400000,4
21_12_sparse_code.cha,21,12,14400000,0,0,0,0,4,0,0,14400000,4
21_13_sparse_code.cha,21,13,14400000,0,0,0,0,4,0,0,14400000,4
28_14_sparse_code.cha,28,14,10800000,0,0,235690,0,3,0,0,10564310,2.934530556
28_15_sparse_code.cha,28,15,10800000,0,0,5790,0,3,0,0,10794210,2.998391667
28_16_sparse_code.cha,28,16,10800000,0,0,0,0,3,0,0,10800000,3
28_17_sparse_code.cha,28,17,10800000,0,0,121990,0,3,0,0,10678010,2.966113889
15_06_sparse_code.cha,15,6,0,0,0,19304760,31245450,0,0,0,38295230,10.63756389
11_06_sparse_code.cha,11,6,0,0,0,5818100,8053850,0,0,0,38680330,10.74453611
23_08_sparse_code.cha,23,8,14400000,0,0,0,0,4,0,0,14400000,4
23_10_sparse_code.cha,23,10,14400000,0,0,0,0,4,0,0,14400000,4
23_13_sparse_code.cha,23,13,14400000,0,0,0,0,4,0,0,14400000,4
25_11_sparse_code.cha,25,11,14400000,0,0,0,0,4,0,0,14400000,4
26_12_sparse_code.cha,26,12,14400000,0,0,0,0,4,0,0,14400000,4
26_13_sparse_code.cha,26,13,14400000,0,0,0,0,4,0,0,14400000,4
29_14_sparse_code.cha,29,14,10800000,0,0,0,0,3,0,0,10800000,3
29_15_sparse_code.cha,29,15,10800000,0,0,0,0,3,0,0,10800000,3
29_16_sparse_code.cha,29,16,10800000,0,0,119690,0,3,0,0,10680310,2.966752778
29_17_sparse_code.cha,29,17,10800000,0,0,0,0,3,0,0,10800000,3
32_06_sparse_code.cha,32,6,0,0,0,18688660,1183490,0,0,0,38911330,10.80870278
41_06_sparse_code.cha,41,6,0,0,0,18496070,1975490,0,0,0,39103920,10.8622
27_08_sparse_code.cha,27,8,14400000,0,0,0,0,4,0,0,14400000,4
27_11_sparse_code.cha,27,11,14400000,0,0,0,0,4,0,0,14400000,4
28_11_sparse_code.cha,28,11,14400000,0,0,0,0,4,0,0,14400000,4
28_13_sparse_code.cha,28,13,14400000,0,0,0,0,4,0,0,14400000,4
29_08_sparse_code.cha,29,8,14400000,0,0,0,0,4,0,0,14400000,4
29_10_sparse_code.cha,29,10,14400000,0,0,0,0,4,0,0,14400000,4
30_14_sparse_code.cha,30,14,10800000,0,0,83630,0,3,0,0,10716370,2.976769444
30_15_sparse_code.cha,30,15,10800000,0,0,923730,0,3,0,0,9876270,2.743408333
30_16_sparse_code.cha,30,16,10800000,0,0,0,0,3,0,0,10800000,3
30_17_sparse_code.cha,30,17,10800000,0,0,0,0,3,0,0,10800000,3
39_07_sparse_code.cha,39,7,0,0,0,0,2232270,0,0,0,39238110,10.899475
42_07_sparse_code.cha,42,7,0,0,0,18322830,4815750,0,0,0,39277160,10.91032222
29_11_sparse_code.cha,29,11,14400000,0,0,0,0,4,0,0,14400000,4
29_13_sparse_code.cha,29,13,14400000,0,0,0,0,4,0,0,14400000,4
31_08_sparse_code.cha,31,8,14400000,0,0,0,0,4,0,0,14400000,4
31_09_sparse_code.cha,31,9,14400000,0,0,0,0,4,0,0,14400000,4
31_10_sparse_code.cha,31,10,14400000,0,0,0,0,4,0,0,14400000,4
31_11_sparse_code.cha,31,11,14400000,0,0,0,0,4,0,0,14400000,4
31_14_sparse_code.cha,31,14,10800000,967870,0,976660,967470,3,0,1,9823740,2.728816667
31_15_sparse_code.cha,31,15,10800000,0,0,0,0,3,0,0,10800000,3
31_16_sparse_code.cha,31,16,10800000,0,0,0,0,3,0,0,10800000,3
31_17_sparse_code.cha,31,17,10800000,0,0,0,0,3,0,0,10800000,3
15_07_sparse_code.cha,15,7,0,0,0,18288520,0,0,0,0,39311470,10.91985278
43_07_sparse_code.cha,43,7,0,0,0,14925340,0,0,0,0,39552900,10.98691667
31_12_sparse_code.cha,31,12,14400000,0,0,0,0,4,0,0,14400000,4
33_12_sparse_code.cha,33,12,14400000,0,0,0,0,4,0,0,14400000,4
34_08_sparse_code.cha,34,8,14400000,0,0,0,0,4,0,0,14400000,4
35_11_sparse_code.cha,35,11,14400000,0,0,0,0,4,0,0,14400000,4
36_13_sparse_code.cha,36,13,14400000,0,0,0,0,4,0,0,14400000,4
38_10_sparse_code.cha,38,10,14400000,0,0,0,0,4,0,0,14400000,4
32_14_sparse_code.cha,32,14,10800000,841650,0,816190,0,3,0,1,10825460,3.007072222
32_15_sparse_code.cha,32,15,10800000,0,0,0,0,3,0,0,10800000,3
32_16_sparse_code.cha,32,16,10800000,0,0,0,0,3,0,0,10800000,3
32_17_sparse_code.cha,32,17,10800000,0,0,0,0,3,0,0,10800000,3
27_07_sparse_code.cha,27,7,0,0,0,17889720,449680,0,0,0,39710270,11.03063056
10_06_sparse_code.cha,10,6,0,0,0,3242010,0,0,0,0,39902980,11.08416111
38_13_sparse_code.cha,38,13,14400000,0,0,0,0,4,0,0,14400000,4
39_10_sparse_code.cha,39,10,14400000,0,0,0,0,4,0,0,14400000,4
40_08_sparse_code.cha,40,8,14400000,0,0,0,0,4,0,0,14400000,4
40_09_sparse_code.cha,40,9,14400000,0,0,0,0,4,0,0,14400000,4
40_13_sparse_code.cha,40,13,14400000,0,0,0,0,4,0,0,14400000,4
42_08_sparse_code.cha,42,8,14400000,0,0,0,0,4,0,0,14400000,4
33_14_sparse_code.cha,33,14,10800000,0,0,0,0,3,0,0,10800000,3
33_15_sparse_code.cha,33,15,10800000,0,0,0,0,3,0,0,10800000,3
33_16_sparse_code.cha,33,16,10800000,0,0,0,0,3,0,0,10800000,3
33_17_sparse_code.cha,33,17,10800000,0,0,0,0,3,0,0,10800000,3
25_06_sparse_code.cha,25,6,0,0,0,6021210,0,0,0,0,39946970,11.09638056
33_06_sparse_code.cha,33,6,0,0,0,7977570,9213000,0,0,0,40045480,11.12374444
42_09_sparse_code.cha,42,9,14400000,0,0,0,0,4,0,0,14400000,4
42_13_sparse_code.cha,42,13,14400000,0,0,0,0,4,0,0,14400000,4
43_10_sparse_code.cha,43,10,14400000,0,0,0,0,4,0,0,14400000,4
43_12_sparse_code.cha,43,12,14400000,0,0,0,0,4,0,0,14400000,4
44_09_sparse_code.cha,44,9,14400000,0,0,0,0,4,0,0,14400000,4
44_10_sparse_code.cha,44,10,14400000,0,0,0,0,4,0,0,14400000,4
34_14_sparse_code.cha,34,14,10800000,388400,0,341460,386130,3,0,1,10460810,2.905780556
34_15_sparse_code.cha,34,15,10800000,0,0,0,0,3,0,0,10800000,3
34_16_sparse_code.cha,34,16,10800000,1042260,0,0,1046040,3,0,1,10796220,2.99895
34_17_sparse_code.cha,34,17,7200000,0,0,0,0,2,0,0,7200000,2
40_07_sparse_code.cha,40,7,0,0,0,17476020,4904990,0,0,0,40123970,11.14554722
08_06_sparse_code.cha,8,6,0,0,0,16825630,24031430,0,0,0,40774360,11.32621111
44_12_sparse_code.cha,44,12,14400000,0,0,0,0,4,0,0,14400000,4
44_13_sparse_code.cha,44,13,14400000,0,0,0,0,4,0,0,14400000,4
45_10_sparse_code.cha,45,10,14400000,0,0,0,0,4,0,0,14400000,4
46_09_sparse_code.cha,46,9,14400000,0,0,0,0,4,0,0,14400000,4
46_11_sparse_code.cha,46,11,14400000,0,0,0,0,4,0,0,14400000,4
46_12_sparse_code.cha,46,12,14400000,0,0,0,0,4,0,0,14400000,4
35_14_sparse_code.cha,35,14,10800000,0,0,122850,0,3,0,0,10677150,2.965875
35_15_sparse_code.cha,35,15,10800000,1021990,0,0,1009800,3,0,1,10812190,3.003386111
35_16_sparse_code.cha,35,16,10800000,0,0,0,0,3,0,0,10800000,3
35_17_sparse_code.cha,35,17,10800000,0,0,0,0,3,0,0,10800000,3
10_07_sparse_code.cha,10,7,0,0,0,5559620,8214470,0,0,0,40847990,11.34666389
33_07_sparse_code.cha,33,7,0,0,0,6581370,1402730,0,0,0,41493680,11.52602222
46_13_sparse_code.cha,46,13,14400000,0,0,0,0,4,0,0,14400000,4
30_13_sparse_code.cha,30,13,14400000,478490,0,478150,0,4,0,1,14400340,4.000094444
15_08_sparse_code.cha,15,8,14400000,941690,0,0,940880,4,0,1,14400810,4.000225
06_12_sparse_code.cha,6,12,14400000,99280,0,98440,0,4,0,1,14400840,4.000233333
34_12_sparse_code.cha,34,12,14400000,1477500,0,1476470,0,4,0,1,14401030,4.000286111
10_10_sparse_code.cha,10,10,14400000,2013050,0,0,2011380,4,0,1,14401670,4.000463889
36_14_sparse_code.cha,36,14,10800000,0,0,0,0,3,0,0,10800000,3
36_15_sparse_code.cha,36,15,10800000,3211940,0,0,3215590,3,0,1,10796350,2.998986111
36_16_sparse_code.cha,36,16,10800000,0,0,695070,0,3,0,0,10104930,2.806925
36_17_sparse_code.cha,36,17,10800000,0,0,0,0,3,0,0,10800000,3
40_06_sparse_code.cha,40,6,0,0,0,4609730,6015160,0,0,0,41568570,11.546825
34_07_sparse_code.cha,34,7,0,0,0,15798670,9255110,0,0,0,41801320,11.61147778
09_11_sparse_code.cha,9,11,14400000,802530,0,0,800160,4,0,1,14402370,4.000658333
23_12_sparse_code.cha,23,12,14400000,609570,0,0,607060,4,0,1,14402510,4.000697222
35_12_sparse_code.cha,35,12,14400000,628700,0,0,625200,4,0,1,14403500,4.000972222
32_12_sparse_code.cha,32,12,14400000,2044750,0,0,2040610,4,0,1,14404140,4.00115
41_13_sparse_code.cha,41,13,14400000,1861860,0,0,1857240,4,0,1,14404620,4.001283333
42_11_sparse_code.cha,42,11,14400000,2374980,0,0,2369860,4,0,1,14405120,4.001422222
37_14_sparse_code.cha,37,14,10800000,0,0,70090,0,3,0,0,10729910,2.980530556
37_15_sparse_code.cha,37,15,10800000,0,0,177070,0,3,0,0,10622930,2.950813889
37_16_sparse_code.cha,37,16,10800000,0,0,0,0,3,0,0,10800000,3
37_17_sparse_code.cha,37,17,10800000,0,0,0,0,3,0,0,10800000,3
22_06_sparse_code.cha,22,6,0,0,0,10717850,12567380,0,0,0,41905510,11.64041944
20_06_sparse_code.cha,20,6,0,0,0,15531770,4265460,0,0,0,42068220,11.68561667
40_10_sparse_code.cha,40,10,14400000,960620,0,0,954380,4,0,1,14406240,4.001733333
04_13_sparse_code.cha,4,13,14400000,1285680,0,0,1278370,4,0,1,14407310,4.002030556
43_11_sparse_code.cha,43,11,14400000,950790,0,0,942720,4,0,1,14408070,4.002241667
02_13_sparse_code.cha,2,13,14400000,537890,0,0,526250,4,0,1,14411640,4.003233333
03_10_sparse_code.cha,3,10,14399230,1260820,0,0,1247190,4,0,1,14412860,4.003572222
23_09_sparse_code.cha,23,9,14400000,456800,0,0,442420,4,0,1,14414380,4.003994444
38_14_sparse_code.cha,38,14,10800000,0,0,0,0,3,0,0,10800000,3
38_15_sparse_code.cha,38,15,10800000,0,0,0,0,3,0,0,10800000,3
38_16_sparse_code.cha,38,16,10800000,0,0,0,0,3,0,0,10800000,3
38_17_sparse_code.cha,38,17,10800000,0,0,0,0,3,0,0,10800000,3
21_06_sparse_code.cha,21,6,0,0,0,9121630,25583750,0,0,0,42137110,11.70475278
42_06_sparse_code.cha,42,6,0,0,0,15385120,1423560,0,0,0,42214870,11.72635278
22_10_sparse_code.cha,22,10,14400000,2342110,0,0,2326900,4,0,1,14415210,4.004225
28_09_sparse_code.cha,28,9,14400000,1123170,0,0,1079700,4,0,1,14443470,4.012075
06_10_sparse_code.cha,6,10,14400000,1020930,0,0,973260,4,0,1,14447670,4.013241667
13_09_sparse_code.cha,13,9,14400000,618090,79820,0,628310,4,1,2,14469600,4.019333333
11_11_sparse_code.cha,11,11,14400000,1633700,0,71860,1478540,4,0,1,14483300,4.023138889
02_11_sparse_code.cha,2,11,14400000,1227860,0,10990,1092660,4,0,1,14524210,4.034502778
39_14_sparse_code.cha,39,14,10800000,0,0,0,0,3,0,0,10800000,3
39_15_sparse_code.cha,39,15,10800000,0,0,0,0,3,0,0,10800000,3
39_16_sparse_code.cha,39,16,10800000,0,0,0,0,3,0,0,10800000,3
39_17_sparse_code.cha,39,17,10800000,130730,0,0,145500,3,0,1,10785230,2.995897222
29_07_sparse_code.cha,29,7,0,0,0,5288820,0,0,0,0,42275230,11.74311944
12_06_sparse_code.cha,12,6,0,0,0,14629080,2622850,0,0,0,42970910,11.93636389
08_11_sparse_code.cha,8,11,14400000,3600000,0,63520,3388320,4,0,1,14548160,4.041155556
07_12_sparse_code.cha,7,12,14399999,1956970,433260,0,2172480,4,1,1,14617749,4.060485833
41_12_sparse_code.cha,41,12,14400000,1363760,0,1067800,0,4,0,1,14695960,4.082211111
12_10_sparse_code.cha,12,10,14400000,0,328790,0,0,4,2,0,14728790,4.091330556
30_12_sparse_code.cha,30,12,14399000,2396800,0,1378210,679070,4,0,1,14738520,4.094033333
25_13_sparse_code.cha,25,13,14400000,1726590,0,636690,724910,4,0,1,14764990,4.101386111
40_14_sparse_code.cha,40,14,10800000,0,0,0,0,3,0,0,10800000,3
40_15_sparse_code.cha,40,15,10800000,2820900,0,0,2810990,3,0,1,10809910,3.002752778
40_16_sparse_code.cha,40,16,10800000,0,0,0,0,3,0,0,10800000,3
40_17_sparse_code.cha,40,17,10800000,0,0,0,0,3,0,0,10800000,3
29_06_sparse_code.cha,29,6,0,0,0,7311620,0,0,0,0,43373310,12.04814167
12_07_sparse_code.cha,12,7,0,0,0,14135550,2870440,0,0,0,43464440,12.07345556
10_09_sparse_code.cha,10,9,14400000,1166640,0,797200,0,4,0,1,14769440,4.102622222
03_11_sparse_code.cha,3,11,14400000,798410,0,202200,202200,4,0,1,14794010,4.109447222
16_12_sparse_code.cha,16,12,14399990,1593530,0,221810,970090,4,0,1,14801620,4.111561111
08_08_sparse_code.cha,8,8,14399999,0,1081710,0,658420,4,1,0,14823289,4.117580278
41_11_sparse_code.cha,41,11,14400000,1281260,0,75900,687140,4,0,1,14918220,4.14395
43_08_sparse_code.cha,43,8,14400000,676720,0,0,0,4,0,1,15076720,4.187977778
41_14_sparse_code.cha,41,14,10800000,0,0,0,0,3,0,0,10800000,3
41_15_sparse_code.cha,41,15,10800000,0,0,0,0,3,0,0,10800000,3
41_16_sparse_code.cha,41,16,10800000,0,0,0,0,3,0,0,10800000,3
41_17_sparse_code.cha,41,17,10800000,3601840,0,0,3577980,3,0,1,10823860,3.006627778
23_07_sparse_code.cha,23,7,0,0,0,13606440,13568870,0,0,0,43993550,12.22043056
30_06_sparse_code.cha,30,6,0,0,0,13149530,156920,0,0,0,44450460,12.34735
03_09_sparse_code.cha,3,9,14400000,1231820,0,533480,0,4,0,1,15098340,4.193983333
09_10_sparse_code.cha,9,10,14400000,2189980,0,1375710,0,4,0,1,15214270,4.226186111
02_12_sparse_code.cha,2,12,14400000,141460,1097850,415480,0,4,1,1,15223830,4.228841667
07_09_sparse_code.cha,7,9,14400000,979980,0,73250,14370,4,0,1,15292360,4.247877778
13_10_sparse_code.cha,13,10,14400000,1844300,0,256800,610860,4,0,1,15376640,4.271288889
22_13_sparse_code.cha,22,13,14400000,1804400,0,0,784390,4,0,1,15420010,4.283336111
42_14_sparse_code.cha,42,14,10800000,0,0,26300,0,3,0,0,10773700,2.992694444
42_15_sparse_code.cha,42,15,10800000,0,0,0,0,3,0,0,10800000,3
42_16_sparse_code.cha,42,16,10800000,0,0,0,0,3,0,0,10800000,3
42_17_sparse_code.cha,42,17,10800000,3600440,0,0,3597220,3,0,1,10803220,3.000894444
08_07_sparse_code.cha,8,7,0,0,0,13037090,0,0,0,0,44562900,12.37858333
38_06_sparse_code.cha,38,6,0,0,0,1793010,4790040,0,0,0,45569040,12.65806667
09_08_sparse_code.cha,9,8,14400000,2073160,0,328510,328510,4,0,1,15816140,4.393372222
41_10_sparse_code.cha,41,10,14400000,1786120,0,0,0,4,0,1,16186120,4.496144444
04_08_sparse_code.cha,4,8,14400000,2784970,580500,0,1536810,4,4,1,16228660,4.507961111
26_10_sparse_code.cha,26,10,14400000,2641440,0,218720,43600,4,0,1,16779120,4.660866667
15_09_sparse_code.cha,15,9,14400000,4903690,0,465500,1956170,4,0,2,16882020,4.68945
04_09_sparse_code.cha,4,9,14400000,3143260,0,128850,524570,4,0,1,16889840,4.691622222
43_14_sparse_code.cha,43,14,10800000,0,0,0,0,3,0,0,10800000,3
43_15_sparse_code.cha,43,15,10800000,0,0,0,0,3,0,0,10800000,3
43_16_sparse_code.cha,43,16,10800000,0,0,248380,0,3,0,0,10551620,2.931005556
43_17_sparse_code.cha,43,17,10800000,0,0,0,0,3,0,0,10800000,3
30_07_sparse_code.cha,30,7,0,0,0,11787500,5411790,0,0,0,45812490,12.72569167
14_06_sparse_code.cha,14,6,0,0,0,10326280,0,0,0,0,47273710,13.13158611
01_09_sparse_code.cha,1,9,14400000,0,2589970,0,0,4,2,0,16989970,4.719436111
04_10_sparse_code.cha,4,10,14400000,3458880,0,763070,0,4,0,1,17095810,4.748836111
06_08_sparse_code.cha,6,8,14400000,3399620,0,0,0,4,0,1,17799620,4.944338889
02_09_sparse_code.cha,2,9,14400000,0,4384350,0,0,4,3,0,18784350,5.217875
02_08_sparse_code.cha,2,8,14400000,1809590,3135090,0,0,4,4,1,19344680,5.373522222
07_08_sparse_code.cha,7,8,14400000,1485920,4959530,0,1149000,4,5,2,19696450,5.471236111
44_14_sparse_code.cha,44,14,14399000,3600510,2318550,0,5917590,4,5,1,14400470,4.000130556
44_15_sparse_code.cha,44,15,10800000,0,0,0,0,3,0,0,10800000,3
44_16_sparse_code.cha,44,16,10800000,0,0,0,0,3,0,0,10800000,3
44_17_sparse_code.cha,44,17,10800000,0,0,0,0,3,0,0,10800000,3
32_07_sparse_code.cha,32,7,0,0,0,8985050,607210,0,0,0,48614940,13.50415
41_07_sparse_code.cha,41,7,0,0,0,7455120,10088360,0,0,0,50144870,13.92913056
20_10_sparse_code.cha,20,10,14400000,2804260,10516500,621700,0,4,1,1,27099060,7.527516667
08_10_sparse_code.cha,8,10,14400000,3569030,11345030,0,0,4,1,1,29314060,8.142794444
25_12_sparse_code.cha,25,12,17999990,0,468210,3866530,0,5,2,0,14601670,4.056019444
26_08_sparse_code.cha,26,8,18000000,1505920,871300,2830270,1672360,5,1,1,15874590,4.409608333
17_08_sparse_code.cha,17,8,18000000,795910,0,132860,2319710,5,0,1,16343340,4.539816667
10_11_sparse_code.cha,10,11,18000000,0,0,102660,1368110,5,0,0,16529230,4.591452778
45_14_sparse_code.cha,45,14,10800000,868290,0,0,863750,3,0,1,10804540,3.001261111
45_15_sparse_code.cha,45,15,10800000,0,0,153930,0,3,0,0,10646070,2.957241667
45_16_sparse_code.cha,45,16,10800000,1247340,0,0,1247040,3,0,1,10800300,3.000083333
45_17_sparse_code.cha,45,17,10799000,69520,0,0,66770,3,0,1,10801750,3.000486111
34_06_sparse_code.cha,34,6,0,0,0,6937790,18226280,0,0,0,50662200,14.07283333
07_07_sparse_code.cha,7,7,0,0,0,0,16540370,0,0,0,57599990,15.99999722
02_10_sparse_code.cha,2,10,18000000,3601530,0,530350,4260630,5,0,1,16810550,4.669597222
08_09_sparse_code.cha,8,9,18000000,3599520,124190,92230,3680410,5,1,1,17951070,4.986408333
01_10_sparse_code.cha,1,10,17999980,0,0,0,0,5,0,0,17999980,4.999994444
22_08_sparse_code.cha,22,8,18000000,3598950,3299100,265420,6268720,5,2,1,18363910,5.101086111
11_09_sparse_code.cha,11,9,18000000,3597880,1387610,990370,193650,5,1,1,21801470,6.055963889
01_08_sparse_code.cha,1,8,18000000,3107510,3600590,299480,0,5,2,1,24408620,6.780172222
46_14_sparse_code.cha,46,14,10800000,0,0,0,0,3,0,0,10800000,3
46_15_sparse_code.cha,46,15,10800000,0,0,0,0,3,0,0,10800000,3
46_16_sparse_code.cha,46,16,10800000,0,0,0,0,3,0,0,10800000,3
46_17_sparse_code.cha,46,17,10800000,0,0,0,0,3,0,0,10800000,3